reference_state,best_rule_id,state_support,rule_support,overlap,coverage,precision,effectiveness
Idle,1,2045,1015,705,0.34474327628361856,0.6945812807881774,0.48933856008308635
Fill,0,1927,975,975,0.5059678256357032,1.0,0.7113141539683455
HeatUp,4,3798,2965,2958,0.7788309636650869,0.9976391231028667,0.8814716329163395
Hold,2,5479,10421,5479,1.0,0.5257652816428365,0.7250967395064168
Cool,3,3775,2975,2967,0.7859602649006623,0.9973109243697479,0.8853512061921932
Discharge,2,1962,10421,1954,0.9959225280326198,0.1875059975050379,0.432135912713229
