reference_state,best_rule_id,state_support,rule_support,overlap,coverage,precision,effectiveness
Idle,2,192844,113720,78899,0.4091338076372612,0.6938005627857896,0.5327825691531441
Fill,0,190793,95015,94660,0.4961397954851593,0.9962637478292901,0.7030548286565581
HeatUp,4,366099,284905,284568,0.7772979439987544,0.9988171495761745,0.8811234401582203
Hold,1,523221,990532,523221,1.0,0.5282222078640569,0.7267889706538322
Cool,3,365389,284530,284196,0.7777902454644229,0.9988261343267846,0.8814063899214201
Discharge,1,191331,990532,190997,0.9982543341120885,0.19282264480097563,0.4387323111961663
